{"cameraMode":{"drawMode":0,"name":"Shaded","section":"Shading Mode"},"sceneLighting":false,"audioPlay":false,"sceneViewState":{"m_AlwaysRefresh":false,"showFog":true,"showSkybox":false,"showFlares":true,"showImageEffects":true,"showParticleSystems":true,"showVisualEffectGraphs":true,"m_FxEnabled":true},"in2DMode":false,"pivot":{"x":19.85759735107422,"y":0.8965011835098267,"z":-0.7182904481887817},"rotation":{"x":-0.001499792211689055,"y":0.017101816833019258,"z":0.00002609225884953048,"w":0.9998409152030945},"size":1.289307713508606,"orthographic":false}