{"cameraMode":{"drawMode":0,"name":"Shaded","section":"Shading Mode"},"sceneLighting":false,"audioPlay":false,"sceneViewState":{"m_AlwaysRefresh":false,"showFog":true,"showSkybox":false,"showFlares":true,"showImageEffects":true,"showParticleSystems":true,"showVisualEffectGraphs":true,"m_FxEnabled":true},"in2DMode":false,"pivot":{"x":-0.44324633479118349,"y":-0.7044455409049988,"z":0.08024883270263672},"rotation":{"x":-0.0014043381670489908,"y":0.9977490901947022,"z":-0.06325165182352066,"w":-0.022152557969093324},"size":9.816099166870118,"orthographic":false}